day,hl_5r,5r,high_all,high_500,high_250,hl_amo,amo,ma377_support,ma250_support,label
2025-10-24,128,242,126,0,4,18,96,0,859,314
2025-10-27,70,87,165,0,7,22,119,0,808,356
2025-10-28,37,14,158,0,6,34,141,0,786,381
2025-10-29,32,78,164,0,11,15,95,0,724,405
2025-10-30,18,43,169,0,14,26,124,0,679,387
2025-10-31,17,29,131,0,5,52,165,0,732,423
2025-11-03,14,45,122,0,13,32,104,0,722,447
2025-11-04,8,26,140,0,17,19,82,0,722,404
2025-11-05,13,49,153,0,18,18,105,0,795,446
2025-11-06,41,175,202,0,21,25,110,0,824,565
2025-11-07,21,50,200,0,15,20,133,0,813,655
2025-11-10,17,33,209,0,20,31,143,0,788,657
2025-11-11,53,188,184,0,10,24,107,0,721,730
2025-11-12,15,19,180,0,14,16,102,0,690,642
2025-11-13,24,88,240,0,7,18,122,0,773,742
2025-11-14,26,68,224,0,12,23,120,0,749,760
2025-11-17,15,34,180,0,9,22,74,0,719,689
2025-11-18,4,31,126,0,6,26,81,0,676,437
2025-11-19,15,21,82,0,6,17,87,0,582,339
2025-11-20,2,2,92,0,6,23,71,0,497,232
2025-11-21,3,10,43,0,1,12,64,0,300,113
2025-11-24,2,4,41,0,1,19,53,0,512,108
2025-11-25,9,8,57,0,3,25,62,0,647,128
2025-11-26,8,9,67,0,6,23,74,0,850,115
2025-11-27,8,14,64,0,5,27,78,0,1004,131
2025-11-28,89,120,64,0,8,24,83,0,1012,160
2025-12-01,77,44,74,0,9,57,151,0,933,182
2025-12-02,23,27,67,0,11,14,56,0,924,211
2025-12-03,22,67,87,0,7,19,82,0,858,190
2025-12-04,8,29,68,0,6,37,98,0,711,186
2025-12-05,8,12,77,0,2,37,109,0,858,223
2025-12-08,8,27,133,0,11,27,98,0,862,243
2025-12-09,17,22,107,0,6,31,107,0,833,266
2025-12-10,41,72,102,0,5,31,111,0,862,328
2025-12-11,14,27,105,0,9,24,93,0,614,269
2025-12-12,9,15,94,0,8,55,188,0,591,273
2025-12-15,6,10,103,0,5,29,82,0,734,252
2025-12-16,3,10,58,0,7,43,75,0,693,221
2025-12-17,3,9,57,0,5,27,70,0,812,221
2025-12-18,20,50,72,0,9,29,95,0,853,230
2025-12-19,29,73,73,0,8,30,89,0,812,231
2025-12-22,32,27,101,0,11,39,110,0,809,243
2025-12-23,78,123,104,0,13,27,97,0,858,280
2025-12-24,75,26,112,0,4,39,107,0,899,330
2025-12-25,86,69,153,0,11,49,136,0,851,382
2025-12-26,48,26,162,0,13,37,123,0,841,399
2025-12-29,19,19,157,0,12,50,153,0,877,404
2025-12-30,47,95,129,0,11,40,119,0,777,441
2025-12-31,16,12,127,0,11,41,114,0,718,394
2026-01-05,12,15,167,0,17,99,281,0,800,443
2026-01-06,43,56,229,0,27,44,202,0,803,495
2026-01-07,37,66,276,0,27,44,188,0,794,543
2026-01-08,67,104,247,0,26,56,182,0,873,616
2026-01-09,135,213,332,0,32,31,203,0,837,717
2026-01-12,103,94,443,0,52,60,296,0,718,823
2026-01-13,32,35,339,0,48,50,209,0,788,727
2026-01-14,60,115,290,0,42,40,182,0,783,724
2026-01-15,17,29,207,0,26,13,64,0,797,736
2026-01-16,5,15,245,0,32,23,124,0,674,719
2026-01-19,4,24,278,0,26,14,81,0,701,658
2026-01-20,9,61,254,0,23,24,107,0,697,673
2026-01-21,15,114,264,0,27,17,82,0,741,770
2026-01-22,16,45,314,0,34,7,92,0,771,818
2026-01-23,45,222,336,0,26,17,131,0,738,881
2026-01-26,12,16,366,0,44,26,159,0,658,702
2026-01-27,10,68,223,0,20,9,65,0,644,795
2026-01-28,3,27,270,0,28,15,93,0,528,663
2026-01-29,1,9,276,0,25,21,103,395,541,525
2026-01-30,1,17,129,0,18,14,72,387,595,432
2026-02-02,0,10,81,0,11,8,40,342,558,237
2026-02-03,0,10,92,0,8,9,28,427,650,284
2026-02-04,7,28,168,0,19,5,56,452,690,274
2026-02-05,14,42,98,0,21,25,80,495,717,266
2026-02-06,16,28,101,0,16,16,48,549,788,281
2026-02-09,94,135,158,0,22,15,70,546,807,370
2026-02-10,56,24,167,0,22,17,105,510,758,366
2026-02-11,27,41,165,0,21,9,59,498,775,325
2026-02-12,29,120,161,0,13,10,62,480,752,363
2026-02-13,20,22,131,0,10,8,34,400,644,349
2026-02-24,8,17,189,0,24,13,67,433,692,404
2026-02-25,9,37,251,0,37,17,119,473,715,455
2026-02-26,15,50,286,0,28,15,114,455,691,529
2026-02-27,22,59,259,0,30,24,124,505,744,639
2026-03-02,34,185,295,0,39,39,185,386,531,637
2026-03-03,8,18,225,0,27,20,108,236,311,417
2026-03-04,2,26,92,0,7,11,32,191,241,402
2026-03-05,3,9,132,0,7,23,83,284,394,417
2026-03-06,2,8,147,0,19,28,97,497,611,394
2026-03-09,3,7,163,0,32,22,78,499,609,325
2026-03-10,135,293,172,0,23,18,60,510,636,401
2026-03-11,53,51,202,0,32,26,107,554,706,478
2026-03-12,51,97,187,0,36,25,105,524,662,457
2026-03-13,22,11,152,0,28,32,112,505,624,377
2026-03-16,24,30,92,0,11,26,74,535,619,339
2026-03-17,8,22,80,0,8,24,68,508,606,214
2026-03-18,7,5,55,0,6,11,50,550,671,216
2026-03-19,8,15,63,0,10,15,48,446,568,172
2026-03-20,4,5,52,0,13,14,55,278,362,131
2026-03-23,0,3,34,0,5,17,42,63,75,68
2026-03-24,2,15,39,0,2,10,29,116,141,103
2026-03-25,5,8,80,0,12,20,47,232,228,118
2026-03-26,2,17,79,0,9,19,51,323,280,111
2026-03-27,9,32,65,0,6,45,74,561,563,120
2026-03-30,105,162,64,0,9,36,86,551,570,130
2026-03-31,32,8,55,0,6,40,80,533,569,128
2026-04-01,18,5,45,0,8,55,91,560,604,131
2026-04-02,25,65,56,0,2,26,65,512,556,120
2026-04-03,9,1,61,0,1,26,49,245,279,97
2026-04-07,3,4,61,0,3,32,51,340,417,106
2026-04-08,10,20,82,0,5,74,127,354,380,173
2026-04-09,9,19,131,0,6,31,78,376,389,190
2026-04-10,21,34,113,0,11,73,130,487,511,205
2026-04-13,98,159,124,0,14,38,91,584,654,258
2026-04-14,102,73,128,0,16,54,94,545,606,301
2026-04-15,21,4,125,0,11,46,115,561,635,294
2026-04-16,46,33,116,0,20,62,117,616,663,334
2026-04-17,45,44,185,0,23,50,126,608,643,383
2026-04-20,45,34,187,0,22,69,144,572,621,406
2026-04-21,27,36,146,0,18,39,99,573,628,399
2026-04-22,106,183,199,0,18,44,120,578,626,474
2026-04-23,26,20,180,0,12,79,159,515,541,376
2026-04-24,27,35,112,0,13,38,110,484,515,345
2026-04-27,15,24,140,0,16,58,142,462,485,362
2026-04-28,13,22,133,0,25,47,115,441,477,332
2026-04-29,29,48,160,0,19,84,164,436,522,348
2026-04-30,103,160,193,0,24,69,133,446,512,376
2026-05-06,97,82,275,0,42,50,112,441,517,456
2026-05-07,54,56,304,0,33,30,77,476,555,524
2026-05-08,242,315,288,0,43,89,161,475,541,589
2026-05-11,131,57,384,0,51,65,147,503,563,679
2026-05-12,44,84,293,0,31,31,81,478,524,736
2026-05-13,39,65,305,0,33,43,91,468,516,775
2026-05-14,8,20,327,0,43,31,95,337,390,647
2026-05-15,5,27,189,0,26,51,110,302,323,570
2026-05-18,2,12,159,0,21,30,69,317,337,493
2026-05-19,4,47,193,0,20,29,71,396,426,541
2026-05-20,3,5,258,0,40,25,71,399,435,451
2026-05-21,2,28,261,0,24,40,90,272,277,312
2026-05-22,2,18,132,0,6,13,41,294,281,423
2026-05-25,3,14,266,0,20,29,68,305,290,413
2026-05-26,2,9,176,0,14,32,67,318,316,346
2026-05-27,1,17,178,0,11,31,59,206,220,283
2026-05-28,10,62,149,0,5,15,42,223,239,364
2026-05-29,5,15,161,0,9,47,82,202,193,237
2026-06-01,7,12,76,0,8,33,66,254,244,187
2026-06-02,5,19,78,0,8,21,46,252,232,182
2026-06-03,8,16,112,0,10,15,44,324,303,195
2026-06-04,8,9,105,0,9,16,42,252,282,186
2026-06-05,12,59,116,0,8,26,53,270,275,157
2026-06-08,12,60,58,0,3,36,57,189,172,140
2026-06-09,26,46,80,0,5,16,31,217,187,163
2026-06-10,15,26,104,0,7,32,55,201,166,144
2026-06-11,18,39,85,0,4,30,46,220,189,125
2026-06-12,18,20,112,0,9,92,139,239,194,127
2026-06-15,51,60,104,0,7,30,57,246,225,168
2026-06-16,39,20,192,0,7,25,52,236,206,191
2026-06-17,34,44,228,0,7,36,54,236,199,241
2026-06-18,48,52,240,0,7,51,81,211,186,301
2026-06-22,42,181,269,0,11,64,105,218,174,360
2026-06-23,25,7,204,0,11,58,88,202,155,357
2026-06-24,17,23,169,0,10,31,58,194,152,398
2026-06-25,10,13,232,0,13,26,52,152,137,429
2026-06-26,5,9,205,0,14,23,45,93,88,352
2026-06-29,1,19,181,0,10,46,71,97,90,298
2026-06-30,7,35,185,0,16,23,42,114,112,380
2026-07-01,9,14,243,0,26,66,93,144,124,327
2026-07-02,12,38,103,0,11,49,71,154,135,222
2026-07-03,98,94,62,0,6,68,94,146,141,165
2026-07-06,60,36,63,0,7,35,54,176,133,131
2026-07-07,20,24,32,0,5,19,35,130,99,82
2026-07-08,9,6,29,0,5,36,46,109,94,54
2026-07-09,10,7,32,0,2,23,36,117,100,77
2026-07-10,9,11,61,0,5,82,105,174,137,63
2026-07-13,6,7,23,0,2,33,55,129,102,37
2026-07-14,39,29,11,0,2,36,45,124,103,42
2026-07-15,47,40,22,0,4,63,84,120,101,32
2026-07-16,150,85,12,0,5,52,60,185,146,25
2026-07-17,14,5,11,0,1,38,50,115,87,15
2026-07-20,42,35,8,0,2,29,36,96,62,13
2026-07-21,24,5,7,0,4,16,17,93,69,17
2026-07-22,14,2,13,0,1,29,32,141,97,10
2026-07-23,23,22,6,0,3,44,46,182,143,17
2026-07-24,11,11,6,0,2,24,27,174,139,19
2026-07-27,37,60,8,0,1,17,20,170,150,15
2026-07-28,30,30,14,0,0,42,46,174,130,22
2026-07-29,107,36,6,0,3,48,60,187,132,19
2026-07-30,41,3,10,0,6,43,57,191,136,19
2026-07-31,682,331,2,0,3,65,73,222,147,18
2026-08-03,645,14,8,0,5,42,55,237,180,16
2026-08-04,212,35,8,0,2,40,50,241,179,14
2026-08-05,139,18,10,0,5,47,60,248,176,17
2026-08-06,353,335,12,0,5,80,96,265,179,16
2026-08-07,275,198,25,0,3,60,74,278,189,22
2026-08-10,171,180,28,0,6,57,82,329,263,37
2026-08-11,110,16,22,0,3,57,77,346,293,40
2026-08-12,122,45,21,0,6,65,81,343,312,45
2026-08-13,46,47,33,0,7,79,109,363,296,43
2026-08-14,20,18,21,0,5,52,67,346,274,51
2026-08-17,15,25,27,0,4,71,92,336,266,55
2026-08-18,8,22,42,0,4,106,134,339,266,69
